Title,ISBN,Language,Publication_year,First_name,Last_name,Birth_date,Birth_city,Name
Eight Crazy Nights (Adam Sandler s Eight Crazy Nights),870560200-9,English,2018,Gregorius,McPhater,1976-12-04,Pleasantville,Apogeo
Gone Fishin ,137066182-7,Georgian,2012,Ange,Symcox,1977-07-01,Paris,Apogeo
Gunfighter The,386397507-3,Albanian,2013,Hirsch,Legging,1961-12-19,Oxford,Apogeo
Gunfighter The,386397507-3,Albanian,2013,Merna,Lambal,1969-09-30,London,Apogeo
Gunfighter The,386397507-3,Albanian,2013,Hortense,Whatson,1978-08-25,Washington,Apogeo
Gunfighter The,386397507-3,Albanian,2013,Cal,Inkin,1969-11-22,Oxford,Apogeo
Arthur and the Revenge of Maltazard (Arthur et la vengeance de Maltazard),560797299-2,English,2017,Reta,Philippsohn,1966-10-08,Washington,Apogeo
Andrei Rublev (Andrey Rublyov),368990830-2,English,2017,Jasen,Itter,1967-12-24,Madison,Apogeo
Andrei Rublev (Andrey Rublyov),368990830-2,English,2017,Boycie,Shorey,1989-11-20,Amsterdam,Apogeo
Andrei Rublev (Andrey Rublyov),368990830-2,English,2017,Cristian,Pes,1981-09-10,New York,Apogeo
Andrei Rublev (Andrey Rublyov),368990830-2,English,2017,Bruno,Goodsall,1963-04-27,London,Apogeo
Fear,712463375-3,English,2012,Yancey,Sacher,1961-04-17,Lawrence,Apogeo
Fear,712463375-3,English,2012,Kerri,Adiscot,1980-06-28,Cumberland,Apogeo
Slaves to the Underground,536751983-0,French,2014,Hortense,Whatson,1978-08-25,Washington,Apogeo
Slaves to the Underground,536751983-0,French,2014,Bruno,Goodsall,1963-04-27,London,Apogeo
Slaves to the Underground,536751983-0,French,2014,Brynn,Semor,1986-05-09,Oslo,Apogeo
Gasoline (Benzina),175205668-X,English,2019,Rubie,Delgua,1970-06-03,Los Angeles,Apogeo
Gasoline (Benzina),175205668-X,English,2019,Perrine,Blagden,1984-01-04,Washington,Apogeo
Gasoline (Benzina),175205668-X,English,2019,Maible,Twidale,1963-01-29,Bloomington,Apogeo
HTM & CSS,607745120-7,Italian,2018,Sansone,Jansen,1968-05-12,Lawrence,Apogeo
HTM & CSS,607745120-7,Italian,2018,Ursula,Lockitt,1967-12-14,Liverpool,Apogeo
State of Siege (État de siège),226372696-9,Hindi,2013,Sella,Marriage,1988-12-01,Madison,Apogeo
State of Siege (État de siège),226372696-9,Hindi,2013,Sandro,Wilcher,1990-09-25,Nashville,Apogeo
State of Siege (État de siège),226372696-9,Hindi,2013,Kerri,Adiscot,1980-06-28,Cumberland,Apogeo
State of Siege (État de siège),226372696-9,Hindi,2013,Adamo,Ligoe,1971-03-26,New York,Apogeo
State of Siege (État de siège),226372696-9,Hindi,2013,Margaretha,Aysik,1973-03-18,Washington,Apogeo
Beefcake,457456450-4,Aymara,2016,Margaretta,Pardal,1970-03-08,New York,Apogeo
Beefcake,457456450-4,Aymara,2016,Giffer,Leisman,1959-05-25,Los Angeles,Apogeo
Beefcake,457456450-4,Aymara,2016,Isacco,McSherry,1976-04-17,Edimburg,Apogeo
Beefcake,457456450-4,Aymara,2016,Zilvia,Silver,1958-04-25,Nashville,Apogeo
Beefcake,457456450-4,Aymara,2016,Brynn,Semor,1986-05-09,Oslo,Apogeo
Oliver Twist,369048652-1,Guaraní,2020,Isacco,McSherry,1976-04-17,Edimburg,Apogeo
Oliver Twist,369048652-1,Guaraní,2020,Lu,Jenne,1977-01-11,Seul,Apogeo
Absolute Power,946684198-X,Czech,2016,Bryanty,Froud,1970-10-30,London,Apogeo
Absolute Power,946684198-X,Czech,2016,Harlene,Tartt,1984-09-20,New York,Apogeo
Absolute Power,946684198-X,Czech,2016,Barr,Labbet,1967-07-06,Lawrence,Apogeo
Avengers The,843331705-9,Bengali,2012,Abey,Crowest,1965-07-20,New York,Apogeo
Avengers The,843331705-9,Bengali,2012,Breanne,Weben,1989-11-13,London,Apogeo
Avengers The,843331705-9,Bengali,2012,Sandro,Wilcher,1990-09-25,Nashville,Apogeo
Great Expectations,436501926-0,Catalan,2013,Eva,Elcum,1956-02-20,Pleasantville,Apogeo
Great Expectations,436501926-0,Catalan,2013,Perrine,Blagden,1984-01-04,Washington,Apogeo
Saboteur,167947701-3,English,2014,Mirelle,Hehnke,1968-06-25,Los Angeles,Apogeo
Saboteur,167947701-3,English,2014,Gil,Lettington,1974-08-11,Los Angeles,Apogeo
Saboteur,167947701-3,English,2014,Corri,Gavrieli,1974-06-30,London,Apogeo
From Above,872379238-8,English,2018,Ramez,Elmasri,1970-02-16,Oxford,Apogeo
From Above,872379238-8,English,2018,Sim,Frondt,1967-05-20,Bloomington,Apogeo
From Above,872379238-8,English,2018,Ileane,Spurriar,1969-09-03,Los Angeles,Apogeo
From Above,872379238-8,English,2018,Sella,Marriage,1988-12-01,Madison,Apogeo
From Above,872379238-8,English,2018,Leroy,Vasiltsov,1976-10-13,San Diego,Apogeo
From Above,872379238-8,English,2018,Beverlee,Jepensen,1976-12-17,Cumberland,Apogeo
From Above,872379238-8,English,2018,Jodee,Westwick,1968-01-23,Liverpool,Apogeo
Strangers on a Train,565659819-5,Dutch,2014,Fanchon,Bish,1987-08-27,New York,Apogeo
Strangers on a Train,565659819-5,Dutch,2014,Brynn,Semor,1986-05-09,Oslo,Apogeo
Strangers on a Train,565659819-5,Dutch,2014,Inesita,Dallender,1982-04-05,New York,Apogeo
Strangers on a Train,565659819-5,Dutch,2014,Marnie,Spinke,1987-09-07,Los Angeles,Apogeo
LA Without a Map,421308038-2,English,2014,Boycie,Shorey,1989-11-20,Amsterdam,Apogeo
LA Without a Map,421308038-2,English,2014,Gertrudis,Corzon,1983-06-21,Oxford,Apogeo
LA Without a Map,421308038-2,English,2014,Ileane,Spurriar,1969-09-03,Los Angeles,Apogeo
Boys of St Vincent The,366292343-2,English,2013,Theo,McLauchlin,1961-03-01,Cardiff,Apogeo
Boys of St Vincent The,366292343-2,English,2013,Russ,Leander,1959-11-16,Oxford,Apogeo
Boys of St Vincent The,366292343-2,English,2013,Jon,Duckett,1978-08-16,Los Angeles,Apogeo
Knack and How to Get It The,657583349-7,English,2015,Cecile,Follacaro,1986-01-08,New York,Apogeo
Knack and How to Get It The,657583349-7,English,2015,Burk,Torr,1984-08-01,Bloomington,Apogeo
Get Smart,387623794-7,English,2010,Merissa,Senechault,1956-02-02,New York,Pearson Italia
Get Smart,387623794-7,English,2010,Xylia,Bendle,1975-01-01,Cumberland,Pearson Italia
Get Smart,387623794-7,English,2010,Jodee,Westwick,1968-01-23,Liverpool,Pearson Italia
Stonewall,660038142-6,Icelandic,2016,Jacquenette,Snookes,1973-08-07,Lawrence,Pearson Italia
Hot Fuzz,867778553-1,Polish,2012,Shamkant,Navathe,1962-11-24,London,Pearson Italia
Hot Fuzz,867778553-1,Polish,2012,Karie,Bendixen,1969-12-29,Amsterdam,Pearson Italia
Paradise Lost 2 Revelations,165632171-8,Italian,2010,Cristian,Pes,1981-09-10,New York,Pearson Italia
Diplomacy (Diplomatie),507124152-8,French,2019,Hastings,Sweetman,1978-08-13,Los Angeles,Pearson Italia
Diplomacy (Diplomatie),507124152-8,French,2019,Godwin,Lebbern,1983-11-16,San Diego,Pearson Italia
Diplomacy (Diplomatie),507124152-8,French,2019,Lewes,Salsberg,1988-05-18,Cumberland,Pearson Italia
Diplomacy (Diplomatie),507124152-8,French,2019,Jasen,Itter,1967-12-24,Madison,Pearson Italia
Diplomacy (Diplomatie),507124152-8,French,2019,Betti,Benz,1977-08-05,Berlino,Pearson Italia
Diplomacy (Diplomatie),507124152-8,French,2019,Roxy,Burnage,1955-04-13,Oxford,Pearson Italia
Human-computer interaction,364615054-8,English,2017,Petunia,Breznovic,1981-02-19,Prague,Pearson Italia
Human-computer interaction,364615054-8,English,2017,Jefferson,Dewire,1971-02-16,Cardiff,Pearson Italia
Human-computer interaction,364615054-8,English,2017,Bryanty,Froud,1970-10-30,London,Pearson Italia
Kumail Nanjiani Beta Male ,925812482-0,German,2010,Gwyneth,Tinsley,1986-05-12,Los Angeles,Pearson Italia
Kumail Nanjiani Beta Male ,925812482-0,German,2010,Giustina,Jezzard,1969-02-04,Pleasantville,Pearson Italia
Kumail Nanjiani Beta Male ,925812482-0,German,2010,Andrej,Von Der Empten,1989-12-17,Amsterdam,Pearson Italia
Kumail Nanjiani Beta Male ,925812482-0,German,2010,Russ,Leander,1959-11-16,Oxford,Pearson Italia
Kumail Nanjiani Beta Male ,925812482-0,German,2010,Lavena,Capey,1972-02-17,Cumberland,Pearson Italia
Kumail Nanjiani Beta Male ,925812482-0,German,2010,Shelbi,Wheelton,1987-09-12,Los Angeles,Pearson Italia
Iron Mask The,951964371-0,Bengali,2014,Ludvig,Callf,1971-06-05,London,Pearson Italia
Kairat,825867311-4,Hiri Motu,2013,Cristian,Pes,1981-09-10,New York,Pearson Italia
Kairat,825867311-4,Hiri Motu,2013,Hirsch,Legging,1961-12-19,Oxford,Pearson Italia
Kairat,825867311-4,Hiri Motu,2013,Leroy,Vasiltsov,1976-10-13,San Diego,Pearson Italia
Carmen Comes Home (Karumen kokyo ni kaeru),517581126-6,Hindi,2020,Cristian,Pes,1981-09-10,New York,Pearson Italia
Carmen Comes Home (Karumen kokyo ni kaeru),517581126-6,Hindi,2020,Gertrudis,Corzon,1983-06-21,Oxford,Pearson Italia
Vehicle 19,509808775-9,English,2013,Margaretta,Pardal,1970-03-08,New York,Pearson Italia
Attack of the 50 Foot Woman,075305079-X,Danish,2010,Sim,Frondt,1967-05-20,Bloomington,Pearson Italia
Enemy,216013488-0,Arabic,2012,Lewes,Salsberg,1988-05-18,Cumberland,Pearson Italia
Enemy,216013488-0,Arabic,2012,Jermaine,Van Velde,1979-04-23,Los Angeles,Pearson Italia
Enemy,216013488-0,Arabic,2012,Fiorenze,Deluca,1984-07-22,Lawrence,Pearson Italia
Enemy,216013488-0,Arabic,2012,Hastings,Sweetman,1978-08-13,Los Angeles,Pearson Italia
History Boys The,333748888-9,Catalan,2017,Perrine,Blagden,1984-01-04,Washington,Pearson Italia
History Boys The,333748888-9,Catalan,2017,Luciano,Gamberini,1979-11-08,Rome,Pearson Italia
Battle Royale 2 Requiem (Batoru rowaiaru II Chinkonka),585173205-9,English,2018,Gabriella,Orum,1958-11-21,Madison,Pearson Italia
Battle Royale 2 Requiem (Batoru rowaiaru II Chinkonka),585173205-9,English,2018,Brynn,Semor,1986-05-09,Oslo,Pearson Italia
Battle Royale 2 Requiem (Batoru rowaiaru II Chinkonka),585173205-9,English,2018,Erny,Wrixon,1967-02-25,Nashville,Pearson Italia
Svidd Neger,376459959-6,English,2018,Cecile,Follacaro,1986-01-08,New York,Pearson Italia
Svidd Neger,376459959-6,English,2018,Hastings,Sweetman,1978-08-13,Los Angeles,Pearson Italia
Svidd Neger,376459959-6,English,2018,Russ,Leander,1959-11-16,Oxford,Pearson Italia
Svidd Neger,376459959-6,English,2018,Junia,Everal,1973-11-09,Los Angeles,Pearson Italia
Peculiarities of the National Hunt (Osobennosti natsionalnoy okhoty) ,947990234-6,English,2019,Beverlee,Jepensen,1976-12-17,Cumberland,Pearson Italia
Peculiarities of the National Hunt (Osobennosti natsionalnoy okhoty) ,947990234-6,English,2019,Jon,Duckett,1978-08-16,Los Angeles,Pearson Italia
Peculiarities of the National Hunt (Osobennosti natsionalnoy okhoty) ,947990234-6,English,2019,Ange,Symcox,1977-07-01,Paris,Pearson Italia
Open Windows,405663612-5,English,2015,Ludvig,Callf,1971-06-05,London,Pearson Italia
Open Windows,405663612-5,English,2015,Kerri,Adiscot,1980-06-28,Cumberland,Pearson Italia
Open Windows,405663612-5,English,2015,Jermaine,Van Velde,1979-04-23,Los Angeles,Pearson Italia
Open Windows,405663612-5,English,2015,Breanne,Weben,1989-11-13,London,Pearson Italia
Open Windows,405663612-5,English,2015,Junia,Everal,1973-11-09,Los Angeles,Pearson Italia
Open Windows,405663612-5,English,2015,Shamkant,Navathe,1962-11-24,London,Pearson Italia
Fundamentals of Database Systems,740153355-3,Italian,2019,Jodee,Westwick,1968-01-23,Liverpool,Pearson Italia
Fundamentals of Database Systems,740153355-3,Italian,2019,Sella,Marriage,1988-12-01,Madison,Pearson Italia
Fundamentals of Database Systems,740153355-3,Italian,2019,Junia,Everal,1973-11-09,Los Angeles,Pearson Italia
Lone Ranger The,698429931-4,Icelandic,2011,Gregorius,McPhater,1976-12-04,Pleasantville,Tecniche Nuove
Lone Ranger The,698429931-4,Icelandic,2011,Margaretta,Pardal,1970-03-08,New York,Tecniche Nuove
Lone Ranger The,698429931-4,Icelandic,2011,Maible,Twidale,1963-01-29,Bloomington,Tecniche Nuove
Lone Ranger The,698429931-4,Icelandic,2011,De,Wackly,1989-09-17,Bloomington,Tecniche Nuove
Woman on the Beach (Haebyeonui yeoin),661872594-1,English,2020,Gwyneth,Tinsley,1986-05-12,Los Angeles,Tecniche Nuove
Woman on the Beach (Haebyeonui yeoin),661872594-1,English,2020,Ludvig,Callf,1971-06-05,London,Tecniche Nuove
Chronicle of a Summer (Chronique d un été),851106761-2,Italian,2019,Cristian,Pes,1981-09-10,New York,Tecniche Nuove
Chronicle of a Summer (Chronique d un été),851106761-2,Italian,2019,Sim,Frondt,1967-05-20,Bloomington,Tecniche Nuove
Chronicle of a Summer (Chronique d un été),851106761-2,Italian,2019,Junia,Everal,1973-11-09,Los Angeles,Tecniche Nuove
Such Is Life (Así es la vida),301170811-8,English,2019,Angil,Beckson,1956-05-01,Oxford,Tecniche Nuove
Such Is Life (Así es la vida),301170811-8,English,2019,Nicki,Pharrow,1984-09-16,Los Angeles,Tecniche Nuove
Tenchi The Samurai Astronomer,214940353-6,English,2018,Zilvia,Silver,1958-04-25,Nashville,Tecniche Nuove
Tenchi The Samurai Astronomer,214940353-6,English,2018,Cal,Inkin,1969-11-22,Oxford,Tecniche Nuove
Ingeborg Holm,814543114-X,English,2013,Jasen,Itter,1967-12-24,Madison,Tecniche Nuove
Ingeborg Holm,814543114-X,English,2013,Adamo,Ligoe,1971-03-26,New York,Tecniche Nuove
Inspectors The,050916783-7,Catalan,2017,Harlene,Tartt,1984-09-20,New York,Tecniche Nuove
Inspectors The,050916783-7,Catalan,2017,Margaretha,Aysik,1973-03-18,Washington,Tecniche Nuove
Golem,296111646-5,Japanese,2019,Giffer,Leisman,1959-05-25,Los Angeles,Tecniche Nuove
Golem,296111646-5,Japanese,2019,Giustina,Jezzard,1969-02-04,Pleasantville,Tecniche Nuove
Golem,296111646-5,Japanese,2019,Jefferson,Dewire,1971-02-16,Cardiff,Tecniche Nuove
Golem,296111646-5,Japanese,2019,Enrico,Zimuel,1972-04-11,Milan,Tecniche Nuove
Golem,296111646-5,Japanese,2019,Jacquenette,Snookes,1973-08-07,Lawrence,Tecniche Nuove
Bed & Breakfast Love is a Happy Accident (Bed & Breakfast),076691563-8,Dari,2018,Karie,Bendixen,1969-12-29,Amsterdam,Tecniche Nuove
Family Tree,129488690-8,English,2017,Ludvig,Callf,1971-06-05,London,Tecniche Nuove
Family Tree,129488690-8,English,2017,Ludvig,Callf,1971-06-05,London,Tecniche Nuove
Family Tree,129488690-8,English,2017,Abey,Crowest,1965-07-20,New York,Tecniche Nuove
Purple Rose of Cairo The,292051296-X,Guaraní,2013,Sim,Frondt,1967-05-20,Bloomington,Tecniche Nuove
PHP 7 development,331424241-7,Italian,2015,Margaretha,Aysik,1973-03-18,Washington,Tecniche Nuove
PHP 7 development,331424241-7,Italian,2015,Adamo,Ligoe,1971-03-26,New York,Tecniche Nuove
PHP 7 development,331424241-7,Italian,2015,Margaretta,Pardal,1970-03-08,New York,Tecniche Nuove
Phil Spector,065646345-7,Irish Gaelic,2020,Sim,Frondt,1967-05-20,Bloomington,Tecniche Nuove
Phil Spector,065646345-7,Irish Gaelic,2020,Quincey,Franke,1964-10-12,Bloomington,Tecniche Nuove
Phil Spector,065646345-7,Irish Gaelic,2020,Angil,Beckson,1956-05-01,Oxford,Tecniche Nuove
Phil Spector,065646345-7,Irish Gaelic,2020,Cecile,Follacaro,1986-01-08,New York,Tecniche Nuove
Phil Spector,065646345-7,Irish Gaelic,2020,Walker,Dumberell,1965-12-30,London,Tecniche Nuove
Death Defying Acts,009140312-X,Dhivehi,2017,Mirelle,Hehnke,1968-06-25,Los Angeles,Tecniche Nuove
Death Defying Acts,009140312-X,Dhivehi,2017,Petunia,Breznovic,1981-02-19,Prague,Tecniche Nuove
Death Defying Acts,009140312-X,Dhivehi,2017,Cal,Inkin,1969-11-22,Oxford,Tecniche Nuove
Doc Savage The Man of Bronze,093035174-6,English,2015,Enrico,Zimuel,1972-04-11,Milan,Tecniche Nuove
Doc Savage The Man of Bronze,093035174-6,English,2015,Ramez,Elmasri,1970-02-16,Oxford,Tecniche Nuove
Doc Savage The Man of Bronze,093035174-6,English,2015,Raquel,Semered,1972-03-21,Bloomington,Tecniche Nuove
Doc Savage The Man of Bronze,093035174-6,English,2015,Marnie,Spinke,1987-09-07,Los Angeles,Tecniche Nuove
Family Life,394873350-3,English,2014,Beverlee,Jepensen,1976-12-17,Cumberland,Tecniche Nuove
Family Life,394873350-3,English,2014,Chelsea,Nannetti,1973-04-14,San Diego,Tecniche Nuove
Family Life,394873350-3,English,2014,Adamo,Ligoe,1971-03-26,New York,Tecniche Nuove
Family Life,394873350-3,English,2014,Ludvig,Callf,1971-06-05,London,Tecniche Nuove
The Dark Horse,132261731-7,Guaraní,2018,Xylia,Bendle,1975-01-01,Cumberland,Tecniche Nuove
The Dark Horse,132261731-7,Guaraní,2018,Russ,Leander,1959-11-16,Oxford,Tecniche Nuove
The Dark Horse,132261731-7,Guaraní,2018,Jermaine,Van Velde,1979-04-23,Los Angeles,Tecniche Nuove
The Dark Horse,132261731-7,Guaraní,2018,Hirsch,Legging,1961-12-19,Oxford,Tecniche Nuove
Secret Garden The,368968937-6,English,2014,Sandro,Wilcher,1990-09-25,Nashville,Packt Publishing
Secret Garden The,368968937-6,English,2014,Nicki,Pharrow,1984-09-16,Los Angeles,Packt Publishing
Secret Garden The,368968937-6,English,2014,Ludvig,Callf,1971-06-05,London,Packt Publishing
Secret Garden The,368968937-6,English,2014,Andrej,Von Der Empten,1989-12-17,Amsterdam,Packt Publishing
Gingerbread Man The,004023598-X,Dari,2012,Bartolemo,Chadwin,1969-07-22,Pleasantville,Packt Publishing
Gingerbread Man The,004023598-X,Dari,2012,Chelsea,Nannetti,1973-04-14,San Diego,Packt Publishing
Gingerbread Man The,004023598-X,Dari,2012,Godwin,Lebbern,1983-11-16,San Diego,Packt Publishing
Gingerbread Man The,004023598-X,Dari,2012,Xylia,Bendle,1975-01-01,Cumberland,Packt Publishing
World of Kanako The (Kawaki),290005808-2,Lao,2020,Briant,Anespie,1989-01-01,Los Angeles,Packt Publishing
Meet Joe Black,182342356-6,Japanese,2011,Zilvia,Silver,1958-04-25,Nashville,Packt Publishing
Meet Joe Black,182342356-6,Japanese,2011,Harlene,Tartt,1984-09-20,New York,Packt Publishing
Meet Joe Black,182342356-6,Japanese,2011,Lavena,Capey,1972-02-17,Cumberland,Packt Publishing
Meet Joe Black,182342356-6,Japanese,2011,Theo,McLauchlin,1961-03-01,Cardiff,Packt Publishing
You Only Live Once,147191251-5,Dari,2018,Merissa,Senechault,1956-02-02,New York,Packt Publishing
You Only Live Once,147191251-5,Dari,2018,Cristian,Pes,1981-09-10,New York,Packt Publishing
You Only Live Once,147191251-5,Dari,2018,Godwin,Lebbern,1983-11-16,San Diego,Packt Publishing
Dakota Skye,194862546-6,English,2011,Hannah,Bachnic,1956-06-22,Madison,Packt Publishing
The Fourth War,171208472-0,English,2020,Godwin,Lebbern,1983-11-16,San Diego,Packt Publishing
Nicholas on Holiday,362309208-8,English,2018,Jodee,Westwick,1968-01-23,Liverpool,Packt Publishing
And Nobody Weeps for Me (Und keiner weint mir nach),992229254-8,Italian,2017,Alejandrina,Bardell,1962-10-25,Wilpen,Packt Publishing
And Nobody Weeps for Me (Und keiner weint mir nach),992229254-8,Italian,2017,Hirsch,Legging,1961-12-19,Oxford,Packt Publishing
And Nobody Weeps for Me (Und keiner weint mir nach),992229254-8,Italian,2017,Breanne,Weben,1989-11-13,London,Packt Publishing
Sound of Music The,103300276-3,Khmer,2019,Mirelle,Hehnke,1968-06-25,Los Angeles,Packt Publishing
Sound of Music The,103300276-3,Khmer,2019,Jon,Duckett,1978-08-16,Los Angeles,Packt Publishing
Sound of Music The,103300276-3,Khmer,2019,Ileane,Spurriar,1969-09-03,Los Angeles,Packt Publishing
Red White & Blue,253760945-X,English,2016,Adamo,Ligoe,1971-03-26,New York,Packt Publishing
Red White & Blue,253760945-X,English,2016,Perrine,Blagden,1984-01-04,Washington,Packt Publishing
Red White & Blue,253760945-X,English,2016,Bruno,Goodsall,1963-04-27,London,Packt Publishing
Children Are Watching Us The (Bambini ci guardano I),015674765-0,English,2018,Jon,Duckett,1978-08-16,Los Angeles,Packt Publishing
Children Are Watching Us The (Bambini ci guardano I),015674765-0,English,2018,Ange,Symcox,1977-07-01,Paris,Packt Publishing
Children Are Watching Us The (Bambini ci guardano I),015674765-0,English,2018,Yancey,Sacher,1961-04-17,Lawrence,Packt Publishing
Addams Family The,131544489-5,English,2019,Giustina,Jezzard,1969-02-04,Pleasantville,Packt Publishing
Addams Family The,131544489-5,English,2019,Fiorenze,Deluca,1984-07-22,Lawrence,Packt Publishing
Agent Vinod,526942871-7,Catalan,2017,Marnie,Spinke,1987-09-07,Los Angeles,Packt Publishing
Agent Vinod,526942871-7,Catalan,2017,Merna,Lambal,1969-09-30,London,Packt Publishing
Agent Vinod,526942871-7,Catalan,2017,Chelsea,Nannetti,1973-04-14,San Diego,Packt Publishing
Agent Vinod,526942871-7,Catalan,2017,Andrej,Von Der Empten,1989-12-17,Amsterdam,Packt Publishing
Agent Vinod,526942871-7,Catalan,2017,Branden,Huffer,1955-01-03,Bloomington,Packt Publishing
Young Cassidy,280992700-6,German,2018,Luciano,Gamberini,1979-11-08,Rome,Packt Publishing
Young Cassidy,280992700-6,German,2018,Alessandro,Oldam,1972-07-09,New York,Packt Publishing
Young Cassidy,280992700-6,German,2018,Cointon,Stranaghan,1963-12-30,New York,Packt Publishing
Day the Universe Changed The,672560381-5,Northern Sotho,2018,Harlene,Tartt,1984-09-20,New York,Packt Publishing
Day the Universe Changed The,672560381-5,Northern Sotho,2018,Merrick,Harbron,1959-11-09,Pleasantville,Packt Publishing
Day the Universe Changed The,672560381-5,Northern Sotho,2018,Shamkant,Navathe,1962-11-24,London,Packt Publishing
Day the Universe Changed The,672560381-5,Northern Sotho,2018,Barr,Labbet,1967-07-06,Lawrence,Packt Publishing
Day the Universe Changed The,672560381-5,Northern Sotho,2018,Walker,Dumberell,1965-12-30,London,Packt Publishing
Day the Universe Changed The,672560381-5,Northern Sotho,2018,De,Wackly,1989-09-17,Bloomington,Packt Publishing
Day the Universe Changed The,672560381-5,Northern Sotho,2018,Cointon,Stranaghan,1963-12-30,New York,Packt Publishing
Day the Universe Changed The,672560381-5,Northern Sotho,2018,Cal,Inkin,1969-11-22,Oxford,Packt Publishing
Altman,404884623-X,Czech,2010,Barr,Labbet,1967-07-06,Lawrence,Packt Publishing
Altman,404884623-X,Czech,2010,Giustina,Jezzard,1969-02-04,Pleasantville,Packt Publishing
Altman,404884623-X,Czech,2010,Yancey,Sacher,1961-04-17,Lawrence,Packt Publishing
Altman,404884623-X,Czech,2010,Vitia,Douch,1977-08-20,London,Packt Publishing
Altman,404884623-X,Czech,2010,Booth,Belvard,1959-10-11,London,Packt Publishing
Shuttle,271280652-2,English,2017,Betti,Benz,1977-08-05,Berlino,Packt Publishing
Shuttle,271280652-2,English,2017,Russ,Leander,1959-11-16,Oxford,Packt Publishing
Shuttle,271280652-2,English,2017,Reta,Philippsohn,1966-10-08,Washington,Packt Publishing
Shuttle,271280652-2,English,2017,Harlene,Tartt,1984-09-20,New York,Packt Publishing
Split Second,816886703-3,Italian,2012,Merrick,Harbron,1959-11-09,Pleasantville,Packt Publishing
Split Second,816886703-3,Italian,2012,Breanne,Weben,1989-11-13,London,Packt Publishing
Revenge of the Nerds,502714957-3,Japanese,2019,Corri,Gavrieli,1974-06-30,London,Addison-Wesley
Revenge of the Nerds,502714957-3,Japanese,2019,Lewes,Salsberg,1988-05-18,Cumberland,Addison-Wesley
Revenge of the Nerds,502714957-3,Japanese,2019,Kerri,Adiscot,1980-06-28,Cumberland,Addison-Wesley
Stupid Boy (Garçon stupide),998941371-1,Italian,2013,Gregorius,McPhater,1976-12-04,Pleasantville,Addison-Wesley
Streetcar Named Desire A,510453377-8,English,2013,Gertrudis,Corzon,1983-06-21,Oxford,Addison-Wesley
Streetcar Named Desire A,510453377-8,English,2013,Farrah,Letham,1962-07-15,Oxford,Addison-Wesley
Streetcar Named Desire A,510453377-8,English,2013,Emiline,Greenhough,1982-04-11,Madison,Addison-Wesley
Scenic Route,299282269-8,English,2015,Sim,Frondt,1967-05-20,Bloomington,Addison-Wesley
Scenic Route,299282269-8,English,2015,Margaretha,Aysik,1973-03-18,Washington,Addison-Wesley
Scenic Route,299282269-8,English,2015,Sella,Marriage,1988-12-01,Madison,Addison-Wesley
Scenic Route,299282269-8,English,2015,Gabriella,Orum,1958-11-21,Madison,Addison-Wesley
Maniac,136964378-0,English,2013,Boycie,Shorey,1989-11-20,Amsterdam,Addison-Wesley
Maniac,136964378-0,English,2013,Boycie,Shorey,1989-11-20,Amsterdam,Addison-Wesley
Maniac,136964378-0,English,2013,Shamkant,Navathe,1962-11-24,London,Addison-Wesley
Rebecca,432587582-4,Swedish,2015,Maible,Twidale,1963-01-29,Bloomington,Addison-Wesley
Rebecca,432587582-4,Swedish,2015,Gregorius,McPhater,1976-12-04,Pleasantville,Addison-Wesley
Rebecca,432587582-4,Swedish,2015,Lewes,Salsberg,1988-05-18,Cumberland,Addison-Wesley
Trial,284203566-6,Korean,2013,Sim,Frondt,1967-05-20,Bloomington,Addison-Wesley
Trial,284203566-6,Korean,2013,Karie,Bendixen,1969-12-29,Amsterdam,Addison-Wesley
Trial,284203566-6,Korean,2013,Rubie,Delgua,1970-06-03,Los Angeles,Addison-Wesley
Memory,083845517-4,Punjabi,2014,Burk,Torr,1984-08-01,Bloomington,Addison-Wesley
Luna de Avellaneda,441842932-8,Guaraní,2018,Russ,Leander,1959-11-16,Oxford,Addison-Wesley
Luna de Avellaneda,441842932-8,Guaraní,2018,Giffer,Leisman,1959-05-25,Los Angeles,Addison-Wesley
Luna de Avellaneda,441842932-8,Guaraní,2018,Rubie,Delgua,1970-06-03,Los Angeles,Addison-Wesley
Life of Another The (La vie d une autre),009047587-9,English,2015,Gregorius,McPhater,1976-12-04,Pleasantville,Addison-Wesley
Life of Another The (La vie d une autre),009047587-9,English,2015,Inesita,Dallender,1982-04-05,New York,Addison-Wesley
Memory Keeper s Daughter The,594275024-6,English,2012,Bruno,Goodsall,1963-04-27,London,Addison-Wesley
Memory Keeper s Daughter The,594275024-6,English,2012,Karie,Bendixen,1969-12-29,Amsterdam,Addison-Wesley
Memory Keeper s Daughter The,594275024-6,English,2012,Betti,Benz,1977-08-05,Berlino,Addison-Wesley
Memory Keeper s Daughter The,594275024-6,English,2012,Bartolemo,Chadwin,1969-07-22,Pleasantville,Addison-Wesley
Concrete Night (Betoniyö),222223087-X,Irish Gaelic,2010,Ludvig,Callf,1971-06-05,London,Addison-Wesley
Jubilee,343838580-5,English,2015,Ileane,Spurriar,1969-09-03,Los Angeles,Addison-Wesley
Jubilee,343838580-5,English,2015,Gertrudis,Corzon,1983-06-21,Oxford,Addison-Wesley
Jubilee,343838580-5,English,2015,Rubie,Delgua,1970-06-03,Los Angeles,Addison-Wesley
Jubilee,343838580-5,English,2015,Breanne,Weben,1989-11-13,London,Addison-Wesley
Jubilee,343838580-5,English,2015,Boycie,Shorey,1989-11-20,Amsterdam,Addison-Wesley
Raisin in the Sun A,469863297-8,Punjabi,2015,Fiorenze,Deluca,1984-07-22,Lawrence,Addison-Wesley
Raisin in the Sun A,469863297-8,Punjabi,2015,Hastings,Sweetman,1978-08-13,Los Angeles,Addison-Wesley
19th Wife The,371268896-2,Belarusian,2016,Alejandrina,Bardell,1962-10-25,Wilpen,Addison-Wesley
19th Wife The,371268896-2,Belarusian,2016,Briant,Anespie,1989-01-01,Los Angeles,Addison-Wesley
From the Life of the Marionettes (Aus dem Leben der Marionetten) ,542931356-4,Italian,2015,Hirsch,Legging,1961-12-19,Oxford,Addison-Wesley
From the Life of the Marionettes (Aus dem Leben der Marionetten) ,542931356-4,Italian,2015,Maible,Twidale,1963-01-29,Bloomington,Addison-Wesley
From the Life of the Marionettes (Aus dem Leben der Marionetten) ,542931356-4,Italian,2015,Emiline,Greenhough,1982-04-11,Madison,Addison-Wesley
From the Life of the Marionettes (Aus dem Leben der Marionetten) ,542931356-4,Italian,2015,Burk,Torr,1984-08-01,Bloomington,Addison-Wesley
From the Life of the Marionettes (Aus dem Leben der Marionetten) ,542931356-4,Italian,2015,Sansone,Jansen,1968-05-12,Lawrence,Addison-Wesley
Brides (Nyfes),752213396-3,Georgian,2012,Jodee,Westwick,1968-01-23,Liverpool,Pst Edizioni
Brides (Nyfes),752213396-3,Georgian,2012,Hirsch,Legging,1961-12-19,Oxford,Pst Edizioni
Brides (Nyfes),752213396-3,Georgian,2012,Hastings,Sweetman,1978-08-13,Los Angeles,Pst Edizioni
Pitch Black,255439894-1,English,2015,Booth,Belvard,1959-10-11,London,Pst Edizioni
Pitch Black,255439894-1,English,2015,Briant,Anespie,1989-01-01,Los Angeles,Pst Edizioni
Thieves The (Dodookdeul),887526619-0,Romanian,2011,Gregorius,McPhater,1976-12-04,Pleasantville,Pst Edizioni
Thieves The (Dodookdeul),887526619-0,Romanian,2011,Bryanty,Froud,1970-10-30,London,Pst Edizioni
Thieves The (Dodookdeul),887526619-0,Romanian,2011,Ursula,Lockitt,1967-12-14,Liverpool,Pst Edizioni
Thieves The (Dodookdeul),887526619-0,Romanian,2011,Breanne,Weben,1989-11-13,London,Pst Edizioni
Thieves The (Dodookdeul),887526619-0,Romanian,2011,Raquel,Semered,1972-03-21,Bloomington,Pst Edizioni
Closure,492112694-1,English,2018,Theo,McLauchlin,1961-03-01,Cardiff,Pst Edizioni
Closure,492112694-1,English,2018,Jodee,Westwick,1968-01-23,Liverpool,Pst Edizioni
Closure,492112694-1,English,2018,Hastings,Sweetman,1978-08-13,Los Angeles,Pst Edizioni
Wave The (Welle Die),469785019-X,English,2014,Gertrudis,Corzon,1983-06-21,Oxford,Pst Edizioni
Wave The (Welle Die),469785019-X,English,2014,Beverlee,Jepensen,1976-12-17,Cumberland,Pst Edizioni
Wave The (Welle Die),469785019-X,English,2014,Corri,Gavrieli,1974-06-30,London,Pst Edizioni
Rains of Ranchipur The,158999545-7,English,2012,Merissa,Senechault,1956-02-02,New York,Pst Edizioni
Rains of Ranchipur The,158999545-7,English,2012,Ursula,Lockitt,1967-12-14,Liverpool,Pst Edizioni
Convoy,989371762-0,German,2015,Bryanty,Froud,1970-10-30,London,Pst Edizioni
Convoy,989371762-0,German,2015,Maible,Twidale,1963-01-29,Bloomington,Pst Edizioni
Convoy,989371762-0,German,2015,Booth,Belvard,1959-10-11,London,Pst Edizioni
Convoy,989371762-0,German,2015,Marnie,Spinke,1987-09-07,Los Angeles,Pst Edizioni
Come Blow Your Horn,087133062-8,English,2013,Ramez,Elmasri,1970-02-16,Oxford,Pst Edizioni
Come Blow Your Horn,087133062-8,English,2013,Perrine,Blagden,1984-01-04,Washington,Pst Edizioni
Black Windmill The,449571196-2,English,2013,Ramez,Elmasri,1970-02-16,Oxford,Pst Edizioni
Nick and Norah s Infinite Playlist,671158165-2,Czech,2019,Cecile,Follacaro,1986-01-08,New York,Pst Edizioni
Nick and Norah s Infinite Playlist,671158165-2,Czech,2019,Jermaine,Van Velde,1979-04-23,Los Angeles,Pst Edizioni
Longest Yard The,014330257-4,Georgian,2010,Karie,Bendixen,1969-12-29,Amsterdam,Pst Edizioni
Longest Yard The,014330257-4,Georgian,2010,Sella,Marriage,1988-12-01,Madison,Pst Edizioni
No Distance Left to Run,192373118-1,English,2019,Pincas,Paulisch,1973-12-24,Berlino,Pst Edizioni
No Distance Left to Run,192373118-1,English,2019,Ami,Adamo,1978-08-10,Lawrence,Pst Edizioni
Last Ride,347737564-5,Haitian Creole,2019,Harlene,Tartt,1984-09-20,New York,Pst Edizioni
Last Ride,347737564-5,Haitian Creole,2019,Gil,Lettington,1974-08-11,Los Angeles,Pst Edizioni
Last Ride,347737564-5,Haitian Creole,2019,Rubie,Delgua,1970-06-03,Los Angeles,Pst Edizioni
Mon oncle d Amérique,136320382-7,English,2017,Bruno,Goodsall,1963-04-27,London,Pst Edizioni
Mon oncle d Amérique,136320382-7,English,2017,Merissa,Senechault,1956-02-02,New York,Pst Edizioni
Get Bruce,389625239-9,Hebrew,2020,Bartolemo,Chadwin,1969-07-22,Pleasantville,Dunning Editions
Dragon Ball Z Bio-Broly (Doragon bôru Z 11 Sûpâ senshi gekiha! Katsu no wa ore da),786395256-5,English,2019,Jefferson,Dewire,1971-02-16,Cardiff,Dunning Editions
Dragon Ball Z Bio-Broly (Doragon bôru Z 11 Sûpâ senshi gekiha! Katsu no wa ore da),786395256-5,English,2019,Cecile,Follacaro,1986-01-08,New York,Dunning Editions
Dragon Ball Z Bio-Broly (Doragon bôru Z 11 Sûpâ senshi gekiha! Katsu no wa ore da),786395256-5,English,2019,Merrick,Harbron,1959-11-09,Pleasantville,Dunning Editions
Suit for Wedding A (aka The Wedding Suit) (Lebassi Baraye Arossi),085745713-6,English,2020,Kerri,Adiscot,1980-06-28,Cumberland,Dunning Editions
Murder by Proxy How America Went Postal,801081738-4,English,2019,Gabriella,Orum,1958-11-21,Madison,Dunning Editions
Murder by Proxy How America Went Postal,801081738-4,English,2019,Branden,Huffer,1955-01-03,Bloomington,Dunning Editions
Cyrano de Bergerac,611928800-7,Korean,2017,Yancey,Sacher,1961-04-17,Lawrence,Dunning Editions
Heroine,023019395-1,Dzongkha,2013,Inesita,Dallender,1982-04-05,New York,Dunning Editions
Heroine,023019395-1,Dzongkha,2013,Sansone,Jansen,1968-05-12,Lawrence,Dunning Editions
Heroine,023019395-1,Dzongkha,2013,Boycie,Shorey,1989-11-20,Amsterdam,Dunning Editions
Heroine,023019395-1,Dzongkha,2013,Marnie,Spinke,1987-09-07,Los Angeles,Dunning Editions
Rollerball,595626866-2,Hungarian,2014,Burk,Torr,1984-08-01,Bloomington,Dunning Editions
Rollerball,595626866-2,Hungarian,2014,Inesita,Dallender,1982-04-05,New York,Dunning Editions
Carbon Nation,168316748-1,Portuguese,2012,Cointon,Stranaghan,1963-12-30,New York,Dunning Editions
Carbon Nation,168316748-1,Portuguese,2012,Fiorenze,Deluca,1984-07-22,Lawrence,Dunning Editions
Carbon Nation,168316748-1,Portuguese,2012,Marja,Rosedale,1989-03-25,New York,Dunning Editions
Times Square,744780754-0,English,2020,Hortense,Whatson,1978-08-25,Washington,Dunning Editions
Times Square,744780754-0,English,2020,Ramez,Elmasri,1970-02-16,Oxford,Dunning Editions
Times Square,744780754-0,English,2020,Raquel,Semered,1972-03-21,Bloomington,Dunning Editions
Tyler Perry s I Can Do Bad All by Myself,560211284-7,Italian,2018,Boycie,Shorey,1989-11-20,Amsterdam,Dunning Editions
Tyler Perry s I Can Do Bad All by Myself,560211284-7,Italian,2018,Barr,Labbet,1967-07-06,Lawrence,Dunning Editions
Deadline,663119553-5,Spanish,2015,Bryanty,Froud,1970-10-30,London,Dunning Editions
Hollywood Party,769740772-8,English,2018,Godwin,Lebbern,1983-11-16,San Diego,Dunning Editions
Hollywood Party,769740772-8,English,2018,Corri,Gavrieli,1974-06-30,London,Dunning Editions
Hollywood Party,769740772-8,English,2018,Sim,Frondt,1967-05-20,Bloomington,Dunning Editions
Hollywood Party,769740772-8,English,2018,Marnie,Spinke,1987-09-07,Los Angeles,Dunning Editions
Life is to Whistle (Vida es silbar La),421128511-4,English,2012,Booth,Belvard,1959-10-11,London,Dunning Editions
Life is to Whistle (Vida es silbar La),421128511-4,English,2012,Sella,Marriage,1988-12-01,Madison,Dunning Editions
Life is to Whistle (Vida es silbar La),421128511-4,English,2012,Emiline,Greenhough,1982-04-11,Madison,Dunning Editions
Life is to Whistle (Vida es silbar La),421128511-4,English,2012,Harlene,Tartt,1984-09-20,New York,Dunning Editions
Kirikou and the Wild Beast (Kirikou et les bêtes sauvages),978061177-0,Khmer,2010,Raquel,Semered,1972-03-21,Bloomington,Dunning Editions
Kirikou and the Wild Beast (Kirikou et les bêtes sauvages),978061177-0,Khmer,2010,Rubie,Delgua,1970-06-03,Los Angeles,Dunning Editions
Waydowntown,259579784-0,English,2018,Sim,Frondt,1967-05-20,Bloomington,Dunning Editions
Waydowntown,259579784-0,English,2018,Walker,Dumberell,1965-12-30,London,Dunning Editions
Waydowntown,259579784-0,English,2018,Ileane,Spurriar,1969-09-03,Los Angeles,Dunning Editions
Renaissance,554021569-9,English,2018,Fiorenze,Deluca,1984-07-22,Lawrence,Dunning Editions
Renaissance,554021569-9,English,2018,Jodee,Westwick,1968-01-23,Liverpool,Dunning Editions
Renaissance,554021569-9,English,2018,Boycie,Shorey,1989-11-20,Amsterdam,Dunning Editions
Renaissance,554021569-9,English,2018,Mirelle,Hehnke,1968-06-25,Los Angeles,Dunning Editions
Almanya - Welcome to Germany (Almanya - Willkommen in Deutschland),022938411-0,Guaraní,2014,Bryanty,Froud,1970-10-30,London,Dunning Editions
Almanya - Welcome to Germany (Almanya - Willkommen in Deutschland),022938411-0,Guaraní,2014,Merissa,Senechault,1956-02-02,New York,Dunning Editions
Almanya - Welcome to Germany (Almanya - Willkommen in Deutschland),022938411-0,Guaraní,2014,Gil,Lettington,1974-08-11,Los Angeles,Dunning Editions
Kleines Arschloch - Der Film,768148078-1,Korean,2017,Vitia,Douch,1977-08-20,London,Dunning Editions
Wall Street,600597433-5,English,2020,Jasen,Itter,1967-12-24,Madison,Dunning Editions
Human Failure (Menschliches Versagen),068254989-4,English,2014,Marnie,Spinke,1987-09-07,Los Angeles,Europa Edizioni
Human Failure (Menschliches Versagen),068254989-4,English,2014,Angil,Beckson,1956-05-01,Oxford,Europa Edizioni
Richard III,863050834-5,Chinese,2019,Ursula,Lockitt,1967-12-14,Liverpool,Europa Edizioni
Richard III,863050834-5,Chinese,2019,Merrick,Harbron,1959-11-09,Pleasantville,Europa Edizioni
Richard III,863050834-5,Chinese,2019,Leroy,Vasiltsov,1976-10-13,San Diego,Europa Edizioni
Key Largo,425111017-X,Estonian,2019,Xylia,Bendle,1975-01-01,Cumberland,Europa Edizioni
Key Largo,425111017-X,Estonian,2019,Jermaine,Van Velde,1979-04-23,Los Angeles,Europa Edizioni
Key Largo,425111017-X,Estonian,2019,Fanchon,Bish,1987-08-27,New York,Europa Edizioni
Animal House,265972215-3,English,2017,Erny,Wrixon,1967-02-25,Nashville,Europa Edizioni
Animal House,265972215-3,English,2017,Perrine,Blagden,1984-01-04,Washington,Europa Edizioni
Missionary Man,927994979-9,Dhivehi,2017,Fanchon,Bish,1987-08-27,New York,Europa Edizioni
Missionary Man,927994979-9,Dhivehi,2017,Barr,Labbet,1967-07-06,Lawrence,Europa Edizioni
Cars,101215590-0,English,2012,Margaretta,Pardal,1970-03-08,New York,Europa Edizioni
Cars,101215590-0,English,2012,Shelbi,Wheelton,1987-09-12,Los Angeles,Europa Edizioni
Cars,101215590-0,English,2012,Enrico,Zimuel,1972-04-11,Milan,Europa Edizioni
Cars,101215590-0,English,2012,Branden,Huffer,1955-01-03,Bloomington,Europa Edizioni
Cars,101215590-0,English,2012,Adamo,Ligoe,1971-03-26,New York,Europa Edizioni
Krrish,976860084-5,English,2016,Beverlee,Jepensen,1976-12-17,Cumberland,Europa Edizioni
Krrish,976860084-5,English,2016,Lavena,Capey,1972-02-17,Cumberland,Europa Edizioni
Krrish,976860084-5,English,2016,Hirsch,Legging,1961-12-19,Oxford,Europa Edizioni
Krrish,976860084-5,English,2016,Ileane,Spurriar,1969-09-03,Los Angeles,Europa Edizioni
Krrish,976860084-5,English,2016,Enrico,Zimuel,1972-04-11,Milan,Europa Edizioni
Krrish,976860084-5,English,2016,Ramez,Elmasri,1970-02-16,Oxford,Europa Edizioni
Krrish,976860084-5,English,2016,Perrine,Blagden,1984-01-04,Washington,Europa Edizioni
Krrish,976860084-5,English,2016,Bruno,Goodsall,1963-04-27,London,Europa Edizioni
Krrish,976860084-5,English,2016,Angil,Beckson,1956-05-01,Oxford,Europa Edizioni
Krrish,976860084-5,English,2016,Kerri,Adiscot,1980-06-28,Cumberland,Europa Edizioni
Ninotchka,384050463-5,Quechua,2017,Ursula,Lockitt,1967-12-14,Liverpool,Europa Edizioni
Ninotchka,384050463-5,Quechua,2017,Adamo,Ligoe,1971-03-26,New York,Europa Edizioni
Ninotchka,384050463-5,Quechua,2017,Bartolemo,Chadwin,1969-07-22,Pleasantville,Europa Edizioni
Ninotchka,384050463-5,Quechua,2017,Ami,Adamo,1978-08-10,Lawrence,Europa Edizioni
Happy People A Year in the Taiga,653175736-1,Swedish,2012,Ramez,Elmasri,1970-02-16,Oxford,Europa Edizioni
Happy People A Year in the Taiga,653175736-1,Swedish,2012,Isacco,McSherry,1976-04-17,Edimburg,Europa Edizioni
Happy People A Year in the Taiga,653175736-1,Swedish,2012,Ami,Adamo,1978-08-10,Lawrence,Europa Edizioni
Happy People A Year in the Taiga,653175736-1,Swedish,2012,Hortense,Whatson,1978-08-25,Washington,Europa Edizioni
Story of My Life The (Mensonges et trahisons et plus si affinités),760264513-8,English,2012,Marnie,Spinke,1987-09-07,Los Angeles,Europa Edizioni
Story of My Life The (Mensonges et trahisons et plus si affinités),760264513-8,English,2012,Marja,Rosedale,1989-03-25,New York,Europa Edizioni
Wolf Man The,836374770-X,Indonesian,2013,Sandro,Wilcher,1990-09-25,Nashville,Europa Edizioni
Wolf Man The,836374770-X,Indonesian,2013,Bartolemo,Chadwin,1969-07-22,Pleasantville,Europa Edizioni
Wolf Man The,836374770-X,Indonesian,2013,Jodee,Westwick,1968-01-23,Liverpool,Europa Edizioni
Day of the Triffids The,179592990-1,English,2011,Shamkant,Navathe,1962-11-24,London,Europa Edizioni
Day of the Triffids The,179592990-1,English,2011,Fanchon,Bish,1987-08-27,New York,Europa Edizioni
Deep Impact,385828979-5,Bengali,2019,Cristian,Pes,1981-09-10,New York,Europa Edizioni
Deep Impact,385828979-5,Bengali,2019,Brynn,Semor,1986-05-09,Oslo,Europa Edizioni
Deep Impact,385828979-5,Bengali,2019,Hortense,Whatson,1978-08-25,Washington,Europa Edizioni
Deep Impact,385828979-5,Bengali,2019,Giustina,Jezzard,1969-02-04,Pleasantville,Europa Edizioni
Deep Impact,385828979-5,Bengali,2019,Angil,Beckson,1956-05-01,Oxford,Europa Edizioni
Deep Impact,385828979-5,Bengali,2019,Merna,Lambal,1969-09-30,London,Europa Edizioni
Flight of the Living Dead,391578830-9,Kazakh,2014,Ursula,Lockitt,1967-12-14,Liverpool,Europa Edizioni
Dead Man Walking,052706515-3,English,2011,Vitia,Douch,1977-08-20,London,Europa Edizioni
Dead Man Walking,052706515-3,English,2011,Abey,Crowest,1965-07-20,New York,Europa Edizioni
Dead Man Walking,052706515-3,English,2011,Gwyneth,Tinsley,1986-05-12,Los Angeles,Europa Edizioni
High Spirits,256739345-5,Swedish,2016,Bruno,Goodsall,1963-04-27,London,Europa Edizioni
High Spirits,256739345-5,Swedish,2016,Harlene,Tartt,1984-09-20,New York,Europa Edizioni
South of Heaven West of Hell,346481000-3,English,2015,Ramez,Elmasri,1970-02-16,Oxford,Plaza Publicacionès
Larceny Inc,857627191-5,English,2012,Lavena,Capey,1972-02-17,Cumberland,Plaza Publicacionès
Larceny Inc,857627191-5,English,2012,Leroy,Vasiltsov,1976-10-13,San Diego,Plaza Publicacionès
Larceny Inc,857627191-5,English,2012,Merna,Lambal,1969-09-30,London,Plaza Publicacionès
Larceny Inc,857627191-5,English,2012,Godwin,Lebbern,1983-11-16,San Diego,Plaza Publicacionès
Act Da Fool,653073623-9,English,2020,Petunia,Breznovic,1981-02-19,Prague,Plaza Publicacionès
Lavender Hill Mob The,435456826-8,English,2016,Perrine,Blagden,1984-01-04,Washington,Plaza Publicacionès
Lavender Hill Mob The,435456826-8,English,2016,Fiorenze,Deluca,1984-07-22,Lawrence,Plaza Publicacionès
1208 East of Bucharest (A fost sau n-a fost?),601546113-6,Gujarati,2011,Leroy,Vasiltsov,1976-10-13,San Diego,Plaza Publicacionès
1208 East of Bucharest (A fost sau n-a fost?),601546113-6,Gujarati,2011,Shelbi,Wheelton,1987-09-12,Los Angeles,Plaza Publicacionès
Redemption The Stan Tookie Williams Story,501862280-6,Finnish,2011,Ramez,Elmasri,1970-02-16,Oxford,Plaza Publicacionès
Project X,829914597-X,English,2019,Angil,Beckson,1956-05-01,Oxford,Plaza Publicacionès
Project X,829914597-X,English,2019,Lewes,Salsberg,1988-05-18,Cumberland,Plaza Publicacionès
Project X,829914597-X,English,2019,Alejandrina,Bardell,1962-10-25,Wilpen,Plaza Publicacionès
Forbidden Christ The (Cristo proibito Il),970334328-7,Danish,2019,Mirelle,Hehnke,1968-06-25,Los Angeles,Plaza Publicacionès
Forbidden Christ The (Cristo proibito Il),970334328-7,Danish,2019,Lu,Jenne,1977-01-11,Seul,Plaza Publicacionès
Forbidden Christ The (Cristo proibito Il),970334328-7,Danish,2019,Mirelle,Hehnke,1968-06-25,Los Angeles,Plaza Publicacionès
Forbidden Christ The (Cristo proibito Il),970334328-7,Danish,2019,Ileane,Spurriar,1969-09-03,Los Angeles,Plaza Publicacionès
Forbidden Christ The (Cristo proibito Il),970334328-7,Danish,2019,Erny,Wrixon,1967-02-25,Nashville,Plaza Publicacionès
Forbidden Christ The (Cristo proibito Il),970334328-7,Danish,2019,Gwyneth,Tinsley,1986-05-12,Los Angeles,Plaza Publicacionès
Forbidden Christ The (Cristo proibito Il),970334328-7,Danish,2019,Bartolemo,Chadwin,1969-07-22,Pleasantville,Plaza Publicacionès
Stingray Sam,086031288-7,Polish,2019,Adamo,Ligoe,1971-03-26,New York,Plaza Publicacionès
Stingray Sam,086031288-7,Polish,2019,Beverlee,Jepensen,1976-12-17,Cumberland,Plaza Publicacionès
Angels  Share The,733508116-5,English,2017,Pincas,Paulisch,1973-12-24,Berlino,Plaza Publicacionès
Private Detective 62,055417113-9,English,2017,Raquel,Semered,1972-03-21,Bloomington,Plaza Publicacionès
Private Detective 62,055417113-9,English,2017,Godwin,Lebbern,1983-11-16,San Diego,Plaza Publicacionès
The Frame,515279116-1,English,2010,Ursula,Lockitt,1967-12-14,Liverpool,Plaza Publicacionès
The Frame,515279116-1,English,2010,Alejandrina,Bardell,1962-10-25,Wilpen,Plaza Publicacionès
The Frame,515279116-1,English,2010,Sandro,Wilcher,1990-09-25,Nashville,Plaza Publicacionès
The Frame,515279116-1,English,2010,Peri,Maher,1967-04-08,Wilpen,Plaza Publicacionès
The Frame,515279116-1,English,2010,Alessandro,Oldam,1972-07-09,New York,Plaza Publicacionès
The Frame,515279116-1,English,2010,Luciano,Gamberini,1979-11-08,Rome,Plaza Publicacionès
The Frame,515279116-1,English,2010,Maible,Twidale,1963-01-29,Bloomington,Plaza Publicacionès
The Frame,515279116-1,English,2010,Shelbi,Wheelton,1987-09-12,Los Angeles,Plaza Publicacionès
Ironclad,184722570-5,Kashmiri,2011,Gregorius,McPhater,1976-12-04,Pleasantville,Plaza Publicacionès
Ironclad,184722570-5,Kashmiri,2011,Sansone,Jansen,1968-05-12,Lawrence,Plaza Publicacionès
Ironclad,184722570-5,Kashmiri,2011,Brynn,Semor,1986-05-09,Oslo,Plaza Publicacionès
Général Idi Amin Dada A Self Portrait (Général Idi Amin Dada Autoportrait),521329516-9,English,2015,Boycie,Shorey,1989-11-20,Amsterdam,Plaza Publicacionès
Général Idi Amin Dada A Self Portrait (Général Idi Amin Dada Autoportrait),521329516-9,English,2015,Bruno,Goodsall,1963-04-27,London,Plaza Publicacionès
Général Idi Amin Dada A Self Portrait (Général Idi Amin Dada Autoportrait),521329516-9,English,2015,Marja,Rosedale,1989-03-25,New York,Plaza Publicacionès
Under the Bridges (Unter den Brücken),742437654-3,Swedish,2016,Jermaine,Van Velde,1979-04-23,Los Angeles,Plaza Publicacionès
Sergeant Rutledge,372098427-3,Arabic,2011,Briant,Anespie,1989-01-01,Los Angeles,Plaza Publicacionès
Sergeant Rutledge,372098427-3,Arabic,2011,Corri,Gavrieli,1974-06-30,London,Plaza Publicacionès
Sergeant Rutledge,372098427-3,Arabic,2011,Marja,Rosedale,1989-03-25,New York,Plaza Publicacionès
Salvage,190222315-2,Belarusian,2014,Roxy,Burnage,1955-04-13,Oxford,Plaza Publicacionès
Salvage,190222315-2,Belarusian,2014,Andrej,Von Der Empten,1989-12-17,Amsterdam,Plaza Publicacionès
Holy Flying Circus,521847642-0,English,2016,Kerri,Adiscot,1980-06-28,Cumberland,Plaza Publicacionès
Holy Flying Circus,521847642-0,English,2016,Cecile,Follacaro,1986-01-08,New York,Plaza Publicacionès
In the Park,264788349-1,Haitian Creole,2018,Maible,Twidale,1963-01-29,Bloomington,Plaza Publicacionès
In the Park,264788349-1,Haitian Creole,2018,Inesita,Dallender,1982-04-05,New York,Plaza Publicacionès
In the Park,264788349-1,Haitian Creole,2018,Lavena,Capey,1972-02-17,Cumberland,Plaza Publicacionès
Love s Labour s Lost,368515943-7,Czech,2011,Zilvia,Silver,1958-04-25,Nashville,Plaza Publicacionès
Love s Labour s Lost,368515943-7,Czech,2011,Cecile,Follacaro,1986-01-08,New York,Plaza Publicacionès
Inhale,259418123-4,English,2011,Sansone,Jansen,1968-05-12,Lawrence,Plaza Publicacionès
Counterfeiters The (Die Fälscher),006821799-4,Estonian,2018,Reta,Philippsohn,1966-10-08,Washington,Plaza Publicacionès
Counterfeiters The (Die Fälscher),006821799-4,Estonian,2018,Russ,Leander,1959-11-16,Oxford,Plaza Publicacionès
Counterfeiters The (Die Fälscher),006821799-4,Estonian,2018,Ileane,Spurriar,1969-09-03,Los Angeles,Plaza Publicacionès
Counterfeiters The (Die Fälscher),006821799-4,Estonian,2018,Reta,Philippsohn,1966-10-08,Washington,Plaza Publicacionès
Mondays in the Sun (Lunes al sol Los),060088686-7,English,2019,Ange,Symcox,1977-07-01,Paris,Plaza Publicacionès
Mondays in the Sun (Lunes al sol Los),060088686-7,English,2019,Sim,Frondt,1967-05-20,Bloomington,Plaza Publicacionès
Mondays in the Sun (Lunes al sol Los),060088686-7,English,2019,Merissa,Senechault,1956-02-02,New York,Plaza Publicacionès
Sting II The,966859767-2,English,2020,Roxy,Burnage,1955-04-13,Oxford,Plaza Publicacionès
Sting II The,966859767-2,English,2020,Luciano,Gamberini,1979-11-08,Rome,Plaza Publicacionès
Lost City The,666013383-6,English,2014,Sandro,Wilcher,1990-09-25,Nashville,Meaning
Lost City The,666013383-6,English,2014,Hirsch,Legging,1961-12-19,Oxford,Meaning
Lost City The,666013383-6,English,2014,Brynn,Semor,1986-05-09,Oslo,Meaning
Lost City The,666013383-6,English,2014,Xylia,Bendle,1975-01-01,Cumberland,Meaning
Lost City The,666013383-6,English,2014,Karie,Bendixen,1969-12-29,Amsterdam,Meaning
Lost City The,666013383-6,English,2014,Ludvig,Callf,1971-06-05,London,Meaning
Lost City The,666013383-6,English,2014,Peri,Maher,1967-04-08,Wilpen,Meaning
Boys from Fengkuei The (Feng gui lai de ren),351898785-2,Portuguese,2016,Farrah,Letham,1962-07-15,Oxford,Meaning
Boys from Fengkuei The (Feng gui lai de ren),351898785-2,Portuguese,2016,Gil,Lettington,1974-08-11,Los Angeles,Meaning
I m Reed Fish,775940054-3,Kashmiri,2017,Zilvia,Silver,1958-04-25,Nashville,Meaning
I m Reed Fish,775940054-3,Kashmiri,2017,Merrick,Harbron,1959-11-09,Pleasantville,Meaning
Teaching Mrs Tingle,584224789-5,English,2020,Enrico,Zimuel,1972-04-11,Milan,Meaning
Teaching Mrs Tingle,584224789-5,English,2020,Margaretha,Aysik,1973-03-18,Washington,Meaning
Teaching Mrs Tingle,584224789-5,English,2020,Abey,Crowest,1965-07-20,New York,Meaning
Teaching Mrs Tingle,584224789-5,English,2020,Cristian,Pes,1981-09-10,New York,Meaning
Wild River,300485539-9,Dzongkha,2012,Jodee,Westwick,1968-01-23,Liverpool,Meaning
Wild River,300485539-9,Dzongkha,2012,Russ,Leander,1959-11-16,Oxford,Meaning
Wild River,300485539-9,Dzongkha,2012,Barr,Labbet,1967-07-06,Lawrence,Meaning
Iron Horse The,860964250-X,Japanese,2013,Hannah,Bachnic,1956-06-22,Madison,Meaning
Iron Horse The,860964250-X,Japanese,2013,Gabriella,Orum,1958-11-21,Madison,Meaning
Iron Horse The,860964250-X,Japanese,2013,Maible,Twidale,1963-01-29,Bloomington,Meaning
Iron Horse The,860964250-X,Japanese,2013,Cristian,Pes,1981-09-10,New York,Meaning
Iron Horse The,860964250-X,Japanese,2013,Hannah,Bachnic,1956-06-22,Madison,Meaning
Iron Horse The,860964250-X,Japanese,2013,Cal,Inkin,1969-11-22,Oxford,Meaning
Heaven s Prisoners,672217513-8,Bengali,2014,Merrick,Harbron,1959-11-09,Pleasantville,Meaning
Heaven s Prisoners,672217513-8,Bengali,2014,Luciano,Gamberini,1979-11-08,Rome,Meaning
Cassandra Crossing The,945660604-X,Arabic,2016,Sella,Marriage,1988-12-01,Madison,Meaning
Cassandra Crossing The,945660604-X,Arabic,2016,Cointon,Stranaghan,1963-12-30,New York,Meaning
Cassandra Crossing The,945660604-X,Arabic,2016,Cal,Inkin,1969-11-22,Oxford,Meaning
Cassandra Crossing The,945660604-X,Arabic,2016,Giffer,Leisman,1959-05-25,Los Angeles,Meaning
Cassandra Crossing The,945660604-X,Arabic,2016,Nicki,Pharrow,1984-09-16,Los Angeles,Meaning
Crocodile Hunter Collision Course The,711604128-1,English,2014,Yancey,Sacher,1961-04-17,Lawrence,Meaning
Crocodile Hunter Collision Course The,711604128-1,English,2014,Reta,Philippsohn,1966-10-08,Washington,Meaning
Crocodile Hunter Collision Course The,711604128-1,English,2014,Cristian,Pes,1981-09-10,New York,Meaning
Thief of Hearts,000369692-8,English,2016,Betti,Benz,1977-08-05,Berlino,Meaning
Thief of Hearts,000369692-8,English,2016,Jermaine,Van Velde,1979-04-23,Los Angeles,Meaning
Thief of Hearts,000369692-8,English,2016,Yancey,Sacher,1961-04-17,Lawrence,Meaning
Big Squeeze The,516983356-3,English,2014,Ramez,Elmasri,1970-02-16,Oxford,Meaning
Little Children,756564271-1,English,2014,Angil,Beckson,1956-05-01,Oxford,Meaning
Little Children,756564271-1,English,2014,Chelsea,Nannetti,1973-04-14,San Diego,Meaning
Little Children,756564271-1,English,2014,Hastings,Sweetman,1978-08-13,Los Angeles,Meaning
Million Ways to Die in the West A,875127371-3,Norwegian,2014,Boycie,Shorey,1989-11-20,Amsterdam,Meaning
Million Ways to Die in the West A,875127371-3,Norwegian,2014,Karie,Bendixen,1969-12-29,Amsterdam,Meaning
Million Ways to Die in the West A,875127371-3,Norwegian,2014,Rubie,Delgua,1970-06-03,Los Angeles,Meaning
Million Ways to Die in the West A,875127371-3,Norwegian,2014,Bryanty,Froud,1970-10-30,London,Meaning
Buddy,170243376-5,English,2015,Peri,Maher,1967-04-08,Wilpen,Meaning
Shaka Zulu The Citadel,829509196-4,Swedish,2014,Merna,Lambal,1969-09-30,London,Meaning
Shaka Zulu The Citadel,829509196-4,Swedish,2014,Alejandrina,Bardell,1962-10-25,Wilpen,Meaning
Elizabeth,356414253-3,English,2012,Raquel,Semered,1972-03-21,Bloomington,Meaning
Elizabeth,356414253-3,English,2012,Erny,Wrixon,1967-02-25,Nashville,Meaning
Elizabeth,356414253-3,English,2012,Merna,Lambal,1969-09-30,London,Meaning
